date,sunRise,sunSet
2023-01-01,07:21,17:18
2023-01-02,07:21,17:19
2023-01-03,07:21,17:20
2023-01-04,07:22,17:20
2023-01-05,07:22,17:21
2023-01-06,07:22,17:22
2023-01-07,07:22,17:23
2023-01-08,07:22,17:24
2023-01-09,07:22,17:24
2023-01-10,07:22,17:25
2023-01-11,07:22,17:26
2023-01-12,07:22,17:27
2023-01-13,07:21,17:28
2023-01-14,07:21,17:29
2023-01-15,07:21,17:30
2023-01-16,07:21,17:31
2023-01-17,07:21,17:32
2023-01-18,07:20,17:33
2023-01-19,07:20,17:34
2023-01-20,07:20,17:35
2023-01-21,07:19,17:36
2023-01-22,07:19,17:37
2023-01-23,07:18,17:38
2023-01-24,07:18,17:39
2023-01-25,07:17,17:40
2023-01-26,07:17,17:40
2023-01-27,07:16,17:41
2023-01-28,07:16,17:42
2023-01-29,07:15,17:43
2023-01-30,07:15,17:44
2023-01-31,07:14,17:45
2023-02-01,07:13,17:46
2023-02-02,07:13,17:47
2023-02-03,07:12,17:48
2023-02-04,07:11,17:49
2023-02-05,07:10,17:50
2023-02-06,07:09,17:51
2023-02-07,07:09,17:52
2023-02-08,07:08,17:53
2023-02-09,07:07,17:54
2023-02-10,07:06,17:55
2023-02-11,07:05,17:56
2023-02-12,07:04,17:57
2023-02-13,07:03,17:58
2023-02-14,07:02,17:59
2023-02-15,07:01,18:00
2023-02-16,07:00,18:01
2023-02-17,06:59,18:02
2023-02-18,06:58,18:03
2023-02-19,06:57,18:04
2023-02-20,06:56,18:04
2023-02-21,06:55,18:05
2023-02-22,06:54,18:06
2023-02-23,06:53,18:07
2023-02-24,06:51,18:08
2023-02-25,06:50,18:09
2023-02-26,06:49,18:10
2023-02-27,06:48,18:11
2023-02-28,06:47,18:11
2023-03-01,06:45,18:12
2023-03-02,06:44,18:13
2023-03-03,06:43,18:14
2023-03-04,06:42,18:15
2023-03-05,06:40,18:16
2023-03-06,06:39,18:16
2023-03-07,06:38,18:17
2023-03-08,06:37,18:18
2023-03-09,06:35,18:19
2023-03-10,06:34,18:20
2023-03-11,06:33,18:21
2023-03-12,06:31,18:21
2023-03-13,06:30,18:22
2023-03-14,06:29,18:23
2023-03-15,06:27,18:24
2023-03-16,06:26,18:24
2023-03-17,06:25,18:25
2023-03-18,06:23,18:26
2023-03-19,06:22,18:27
2023-03-20,06:21,18:28
2023-03-21,06:19,18:28
2023-03-22,06:18,18:29
2023-03-23,06:17,18:30
2023-03-24,06:15,18:31
2023-03-25,06:14,18:31
2023-03-26,06:12,18:32
2023-03-27,06:11,18:33
2023-03-28,06:10,18:34
2023-03-29,06:08,18:34
2023-03-30,06:07,18:35
2023-03-31,06:06,18:36
2023-04-01,06:04,18:37
2023-04-02,06:03,18:37
2023-04-03,06:02,18:38
2023-04-04,06:00,18:39
2023-04-05,05:59,18:40
2023-04-06,05:58,18:40
2023-04-07,05:56,18:41
2023-04-08,05:55,18:42
2023-04-09,05:54,18:43
2023-04-10,05:52,18:43
2023-04-11,05:51,18:44
2023-04-12,05:50,18:45
2023-04-13,05:49,18:46
2023-04-14,05:47,18:47
2023-04-15,05:46,18:47
2023-04-16,05:45,18:48
2023-04-17,05:44,18:49
2023-04-18,05:42,18:50
2023-04-19,05:41,18:50
2023-04-20,05:40,18:51
2023-04-21,05:39,18:52
2023-04-22,05:38,18:53
2023-04-23,05:36,18:53
2023-04-24,05:35,18:54
2023-04-25,05:34,18:55
2023-04-26,05:33,18:56
2023-04-27,05:32,18:57
2023-04-28,05:31,18:57
2023-04-29,05:30,18:58
2023-04-30,05:29,18:59
2023-05-01,05:28,19:00
2023-05-02,05:27,19:00
2023-05-03,05:26,19:01
2023-05-04,05:25,19:02
2023-05-05,05:24,19:03
2023-05-06,05:23,19:04
2023-05-07,05:22,19:04
2023-05-08,05:21,19:05
2023-05-09,05:20,19:06
2023-05-10,05:19,19:07
2023-05-11,05:18,19:07
2023-05-12,05:17,19:08
2023-05-13,05:17,19:09
2023-05-14,05:16,19:10
2023-05-15,05:15,19:10
2023-05-16,05:14,19:11
2023-05-17,05:14,19:12
2023-05-18,05:13,19:13
2023-05-19,05:12,19:13
2023-05-20,05:12,19:14
2023-05-21,05:11,19:15
2023-05-22,05:10,19:16
2023-05-23,05:10,19:16
2023-05-24,05:09,19:17
2023-05-25,05:09,19:18
2023-05-26,05:08,19:18
2023-05-27,05:08,19:19
2023-05-28,05:07,19:20
2023-05-29,05:07,19:20
2023-05-30,05:07,19:21
2023-05-31,05:06,19:22
2023-06-01,05:06,19:22
2023-06-02,05:06,19:23
2023-06-03,05:05,19:23
2023-06-04,05:05,19:24
2023-06-05,05:05,19:24
2023-06-06,05:05,19:25
2023-06-07,05:05,19:26
2023-06-08,05:04,19:26
2023-06-09,05:04,19:27
2023-06-10,05:04,19:27
2023-06-11,05:04,19:27
2023-06-12,05:04,19:28
2023-06-13,05:04,19:28
2023-06-14,05:04,19:29
2023-06-15,05:04,19:29
2023-06-16,05:04,19:29
2023-06-17,05:04,19:30
2023-06-18,05:04,19:30
2023-06-19,05:05,19:30
2023-06-20,05:05,19:31
2023-06-21,05:05,19:31
2023-06-22,05:05,19:31
2023-06-23,05:05,19:31
2023-06-24,05:06,19:31
2023-06-25,05:06,19:32
2023-06-26,05:06,19:32
2023-06-27,05:07,19:32
2023-06-28,05:07,19:32
2023-06-29,05:07,19:32
2023-06-30,05:08,19:32
2023-07-01,05:08,19:32
2023-07-02,05:08,19:32
2023-07-03,05:09,19:32
2023-07-04,05:09,19:32
2023-07-05,05:10,19:31
2023-07-06,05:10,19:31
2023-07-07,05:11,19:31
2023-07-08,05:11,19:31
2023-07-09,05:12,19:31
2023-07-10,05:12,19:30
2023-07-11,05:13,19:30
2023-07-12,05:14,19:30
2023-07-13,05:14,19:29
2023-07-14,05:15,19:29
2023-07-15,05:15,19:29
2023-07-16,05:16,19:28
2023-07-17,05:17,19:28
2023-07-18,05:17,19:27
2023-07-19,05:18,19:27
2023-07-20,05:19,19:26
2023-07-21,05:19,19:26
2023-07-22,05:20,19:25
2023-07-23,05:21,19:24
2023-07-24,05:21,19:24
2023-07-25,05:22,19:23
2023-07-26,05:23,19:23
2023-07-27,05:23,19:22
2023-07-28,05:24,19:21
2023-07-29,05:25,19:20
2023-07-30,05:25,19:20
2023-07-31,05:26,19:19
2023-08-01,05:27,19:18
2023-08-02,05:28,19:17
2023-08-03,05:28,19:16
2023-08-04,05:29,19:15
2023-08-05,05:30,19:14
2023-08-06,05:30,19:13
2023-08-07,05:31,19:12
2023-08-08,05:32,19:11
2023-08-09,05:33,19:11
2023-08-10,05:33,19:09
2023-08-11,05:34,19:08
2023-08-12,05:35,19:07
2023-08-13,05:36,19:06
2023-08-14,05:36,19:05
2023-08-15,05:37,19:04
2023-08-16,05:38,19:03
2023-08-17,05:38,19:02
2023-08-18,05:39,19:01
2023-08-19,05:40,19:00
2023-08-20,05:41,18:58
2023-08-21,05:41,18:57
2023-08-22,05:42,18:56
2023-08-23,05:43,18:55
2023-08-24,05:43,18:54
2023-08-25,05:44,18:52
2023-08-26,05:45,18:51
2023-08-27,05:46,18:50
2023-08-28,05:46,18:49
2023-08-29,05:47,18:47
2023-08-30,05:48,18:46
2023-08-31,05:48,18:45
2023-09-01,05:49,18:43
2023-09-02,05:50,18:42
2023-09-03,05:50,18:41
2023-09-04,05:51,18:39
2023-09-05,05:52,18:38
2023-09-06,05:52,18:37
2023-09-07,05:53,18:35
2023-09-08,05:54,18:34
2023-09-09,05:54,18:32
2023-09-10,05:55,18:31
2023-09-11,05:56,18:30
2023-09-12,05:57,18:28
2023-09-13,05:57,18:27
2023-09-14,05:58,18:26
2023-09-15,05:59,18:24
2023-09-16,05:59,18:23
2023-09-17,06:00,18:21
2023-09-18,06:01,18:20
2023-09-19,06:01,18:19
2023-09-20,06:02,18:17
2023-09-21,06:03,18:16
2023-09-22,06:03,18:14
2023-09-23,06:04,18:13
2023-09-24,06:05,18:12
2023-09-25,06:06,18:10
2023-09-26,06:06,18:09
2023-09-27,06:07,18:07
2023-09-28,06:08,18:06
2023-09-29,06:08,18:05
2023-09-30,06:09,18:03
2023-10-01,06:10,18:02
2023-10-02,06:10,18:00
2023-10-03,06:11,17:59
2023-10-04,06:12,17:58
2023-10-05,06:13,17:56
2023-10-06,06:13,17:55
2023-10-07,06:14,17:54
2023-10-08,06:15,17:52
2023-10-09,06:16,17:51
2023-10-10,06:16,17:50
2023-10-11,06:17,17:49
2023-10-12,06:18,17:47
2023-10-13,06:19,17:46
2023-10-14,06:20,17:45
2023-10-15,06:20,17:43
2023-10-16,06:21,17:42
2023-10-17,06:22,17:41
2023-10-18,06:23,17:40
2023-10-19,06:24,17:39
2023-10-20,06:24,17:37
2023-10-21,06:25,17:36
2023-10-22,06:26,17:35
2023-10-23,06:27,17:34
2023-10-24,06:28,17:33
2023-10-25,06:29,17:32
2023-10-26,06:29,17:31
2023-10-27,06:30,17:30
2023-10-28,06:31,17:29
2023-10-29,06:32,17:28
2023-10-30,06:33,17:27
2023-10-31,06:34,17:26
2023-11-01,06:35,17:25
2023-11-02,06:35,17:24
2023-11-03,06:36,17:23
2023-11-04,06:37,17:22
2023-11-05,06:38,17:21
2023-11-06,06:39,17:20
2023-11-07,06:40,17:19
2023-11-08,06:41,17:18
2023-11-09,06:42,17:18
2023-11-10,06:43,17:17
2023-11-11,06:44,17:16
2023-11-12,06:45,17:15
2023-11-13,06:46,17:15
2023-11-14,06:47,17:14
2023-11-15,06:48,17:13
2023-11-16,06:48,17:13
2023-11-17,06:49,17:12
2023-11-18,06:50,17:12
2023-11-19,06:51,17:11
2023-11-20,06:52,17:11
2023-11-21,06:53,17:10
2023-11-22,06:54,17:10
2023-11-23,06:55,17:10
2023-11-24,06:56,17:09
2023-11-25,06:57,17:09
2023-11-26,06:58,17:09
2023-11-27,06:59,17:08
2023-11-28,07:00,17:08
2023-11-29,07:00,17:08
2023-11-30,07:01,17:08
2023-12-01,07:02,17:07
2023-12-02,07:03,17:07
2023-12-03,07:04,17:07
2023-12-04,07:05,17:07
2023-12-05,07:06,17:07
2023-12-06,07:06,17:07
2023-12-07,07:07,17:07
2023-12-08,07:08,17:07
2023-12-09,07:09,17:07
2023-12-10,07:10,17:08
2023-12-11,07:10,17:08
2023-12-12,07:11,17:08
2023-12-13,07:12,17:08
2023-12-14,07:13,17:08
2023-12-15,07:13,17:09
2023-12-16,07:14,17:09
2023-12-17,07:14,17:09
2023-12-18,07:15,17:10
2023-12-19,07:16,17:10
2023-12-20,07:16,17:11
2023-12-21,07:17,17:11
2023-12-22,07:17,17:12
2023-12-23,07:18,17:12
2023-12-24,07:18,17:13
2023-12-25,07:19,17:13
2023-12-26,07:19,17:14
2023-12-27,07:19,17:14
2023-12-28,07:20,17:15
2023-12-29,07:20,17:16
2023-12-30,07:20,17:16
2023-12-31,07:21,17:17
